table,name,missing_pct
A_TblCase,IDNCASE,0
A_TblCase,ALIEN_CITY,0.03360839154154394
A_TblCase,ALIEN_STATE,0.033524583584880814
A_TblCase,ALIEN_ZIPCODE,0.017541326717037144
A_TblCase,UPDATED_ZIPCODE,0.99853628620821
A_TblCase,UPDATED_CITY,0.9985587833293201
A_TblCase,NAT,0.009880933368471694
A_TblCase,LANG,0.011924133444681722
A_TblCase,CUSTODY,0.010663717813253457
A_TblCase,SITE_TYPE,0.5325486370452924
A_TblCase,E_28_DATE,0.6153176881925384
A_TblCase,ATTY_NBR,0.4079576849753677
A_TblCase,CASE_TYPE,4.449979999812112e-6
A_TblCase,UPDATE_SITE,0.010666684466586666
A_TblCase,LATEST_HEARING,0.17013756865948307
A_TblCase,LATEST_TIME,0.16960315902432047
A_TblCase,LATEST_CAL_TYPE,0.17718386476807446
A_TblCase,UP_BOND_DATE,0.9999934898440743
A_TblCase,UP_BOND_RSN,0.9999995055577778
A_TblCase,CORRECTIONAL_FAC,0.9764490577002536
A_TblCase,RELEASE_MONTH,0.7788420097230415
A_TblCase,RELEASE_YEAR,0.7788414328737823
A_TblCase,INMATE_HOUSING,0.9805516096319322
A_TblCase,DATE_OF_ENTRY,0.3654077178804976
A_TblCase,C_ASY_TYPE,0.6246192176836272
A_TblCase,C_BIRTHDATE,0.46656795951770785
A_TblCase,C_RELEASE_DATE,0.9914778762651746
A_TblCase,UPDATED_STATE,0.9985544981633944
A_TblCase,ADDRESS_CHANGEDON,0.6540146318638675
A_TblCase,ZBOND_MRG_FLAG,0.9995122327477983
A_TblCase,Sex,0.46748037023174344
A_TblCase,DATE_DETAINED,0.8248232410259149
A_TblCase,DATE_RELEASED,0.9222649475240229
A_TblCase,LPR,0.9259527448383116
A_TblCase,DETENTION_DATE,0.9999995055577778
A_TblCase,DETENTION_LOCATION,0.9998543043585246
A_TblCase,DCO_LOCATION,0.9999493196722243
A_TblCase,DETENTION_FACILITY_TYPE,1
A_TblCase,CASEPRIORITY_CODE,0.9721496353571019
A_TblCaseIdentifier,IDNCASEID,1.7503195427115163e-6
A_TblCaseIdentifier,IDNCASE,1.7503195427115163e-6
A_TblCaseIdentifier,CASE_ID,0.0028779629081034106
B_TblProceedCharges,IDNPRCDCHG,0
B_TblProceedCharges,IDNCASE,6.770376421080853e-7
B_TblProceedCharges,IDNPROCEEDING,0
B_TblProceedCharges,CHARGE,1.1283960701801422e-7
B_TblProceedCharges,CHG_STATUS,0.21443051571142016
B_TblProceeding,IDNPROCEEDING,0
B_TblProceeding,IDNCASE,1.285307476717137e-7
B_TblProceeding,OSC_DATE,0.004915465648583183
B_TblProceeding,INPUT_DATE,0.02830041414534861
B_TblProceeding,BASE_CITY_CODE,1.4138382243888507e-6
B_TblProceeding,HEARING_LOC_CODE,8.90718081364976e-5
B_TblProceeding,IJ_CODE,0.008945097384212916
B_TblProceeding,TRANS_IN_DATE,0.8250544215251986
B_TblProceeding,PREV_HEARING_LOC,0.8232380892644757
B_TblProceeding,PREV_HEARING_BASE,0.823202357716623
B_TblProceeding,PREV_IJ_CODE,0.8261991163639628
B_TblProceeding,TRANS_NBR,0.6273167426272674
B_TblProceeding,HEARING_DATE,0.031279242753388246
B_TblProceeding,HEARING_TIME,0.029865725855868577
B_TblProceeding,DEC_TYPE,0.37431836127923823
B_TblProceeding,DEC_CODE,0.47568304291918007
B_TblProceeding,DEPORTED_1,0.6616606082627662
B_TblProceeding,DEPORTED_2,0.9929208477451111
B_TblProceeding,OTHER_COMP,0.7522858390156242
B_TblProceeding,APPEAL_RSVD,0.9065080194510722
B_TblProceeding,APPEAL_NOT_FILED,0.9656979711228684
B_TblProceeding,COMP_DATE,0.2279617484783084
B_TblProceeding,ABSENTIA,0.25343679972833744
B_TblProceeding,VENUE_CHG_GRANTED,0.8235013202357074
B_TblProceeding,TRANSFER_TO,0.823471308306126
B_TblProceeding,DATE_APPEAL_DUE_STATUS,0.34995722175390614
B_TblProceeding,TRANSFER_STATUS,0.6956089205223053
B_TblProceeding,CUSTODY,4.787770350771336e-5
B_TblProceeding,CASE_TYPE,2.185022710419133e-6
B_TblProceeding,NAT,0.0034712941677438078
B_TblProceeding,LANG,0.0012127518696564547
B_TblProceeding,SCHEDULED_HEAR_LOC,0.7244801397180639
B_TblProceeding,CORRECTIONAL_FAC,0.9748807861249001
B_TblProceeding,CRIM_IND,0.024592494871141176
B_TblProceeding,IHP,0.9830815619493461
B_TblProceeding,AGGRAVATE_FELON,0.2726867855417561
B_TblProceeding,DATE_DETAINED,0.7719473160177138
B_TblProceeding,DATE_RELEASED,0.8629842950207381
D_TblAssociatedBond,IDNASSOCBOND,0
D_TblAssociatedBond,IDNPROCEEDING,1.3107903607098454e-5
D_TblAssociatedBond,IDNCASE,0
D_TblAssociatedBond,OSC_DATE,0.05976679728692611
D_TblAssociatedBond,REC_TYPE,0
D_TblAssociatedBond,GENERATION,2.424962167313214e-5
D_TblAssociatedBond,SUB_GENERATION,7.20934698390415e-6
D_TblAssociatedBond,UPDATE_DATE,2.0972645771357526e-5
D_TblAssociatedBond,UPDATE_TIME,0
D_TblAssociatedBond,INPUT_DATE,3.670213009987567e-5
D_TblAssociatedBond,INPUT_TIME,0
D_TblAssociatedBond,REJ_TO_BE_REMOVED,0.9999790273542286
D_TblAssociatedBond,BASE_CITY_CODE,9.83092770532384e-6
D_TblAssociatedBond,BASE_CITY_NAME,0.5097486756101893
D_TblAssociatedBond,HEARING_LOC_CODE,1.0289704331572286e-4
D_TblAssociatedBond,IJ_CODE,0.09167864401358765
D_TblAssociatedBond,IJ_NAME_TO_BE_REMOVED,0.7144423537338191
D_TblAssociatedBond,DEC,0.004125712660334239
D_TblAssociatedBond,COMP_DATE,0.004098841457939687
D_TblAssociatedBond,INITIAL_BOND,0.6580121733100799
D_TblAssociatedBond,REL_CON,0.8936903139801691
D_TblAssociatedBond,INS_TA,0.7751509538949153
D_TblAssociatedBond,BOND_HEARING_TELEPHONIC,0.9126404102249512
D_TblAssociatedBond,SEND_MSG_WU_TO_BE_REMOVED,0.8662849645136279
D_TblAssociatedBond,BOND_HEAR_REQ_DATE,1.1141718066033685e-5
D_TblAssociatedBond,BOND_HEARING_DATE_TO_BE_REMOVED,0.7164052622989822
D_TblAssociatedBond,BOND_HEARING_TIME_TO_BE_REMOVED,0.7139114836377316
D_TblAssociatedBond,ADJ1_CAL_TYPE_TO_BE_REMOVED,0.9555530650538702
D_TblAssociatedBond,ADJ1_DATE_TO_BE_REMOVED,0.9555281600370167
D_TblAssociatedBond,ADJ1_TIME_TO_BE_REMOVED,0.7139272131220601
D_TblAssociatedBond,ADJ1_RSN_TO_BE_REMOVED,0.9555917333695112
D_TblAssociatedBond,ADJ1_TELEPHONIC_TO_BE_REMOVED,0.9808631161288166
D_TblAssociatedBond,ADJ1_MSG_TO_BE_REMOVED,0.9719012424326434
D_TblAssociatedBond,ADJ2_CAL_TYPE_TO_BE_REMOVED,0.9884414505992606
D_TblAssociatedBond,ADJ2_DATE_TO_BE_REMOVED,0.9884388290185392
D_TblAssociatedBond,ADJ2_TIME_TO_BE_REMOVED,0.7139331116786833
D_TblAssociatedBond,ADJ2_RSN_TO_BE_REMOVED,0.988453247712507
D_TblAssociatedBond,ADJ2_TELEPHONIC_TO_BE_REMOVED,0.9947227580077822
D_TblAssociatedBond,ADJ2_MSG_TO_BE_REMOVED,0.9932566389893283
D_TblAssociatedBond,NEW_BOND,0.43599115740822664
D_TblAssociatedBond,APPEAL_REVD,0.7885741025837644
D_TblAssociatedBond,APPEAL_NOT_FILED,0.9896834244660332
D_TblAssociatedBond,DATE_APPEAL_DUE,0.08514894183171155
D_TblAssociatedBond,E_28_DATE,0.8890789534911918
D_TblAssociatedBond,SCHEDULED_HEAR_LOC_TO_BE_REMOVED,0.7152825703550342
D_TblAssociatedBond,BOND_TYPE,0.050105616933314195
D_TblAssociatedBond,FILING_METHOD,0.30899654410121397
D_TblAssociatedBond,FILING_PARTY,0.28606557753095596
D_TblAssociatedBond,DECISION_DUE_DATE,0.9965703170212027
EOIRDB_Schema,table_name,0
EOIRDB_Schema,field_name,0
EOIRDB_Schema,name,0.0449438202247191
EOIRDB_Schema,Constraints  (PK/NULL),0.04588014981273408
tbl_br_DeductCodes,DeductCode,0.13333333333333333
tbl_br_DeductCodes,DeductDescription,0
tbl_br_DeductCodes,idnRepl,0
tbl_CasePriorityHistory,idnCasePriHistory,0
tbl_CasePriorityHistory,casePriority_code,0.30465859088235514
tbl_CasePriorityHistory,idnCase,0
tbl_CasePriorityHistory,DATCREATEDON,0
tbl_CasePriorityHistory,DATMODIFIEDON,0
tbl_Court_Appln,IDNPROCEEDINGAPPLN,0
tbl_Court_Appln,IDNPROCEEDING,1.3481875741461035e-7
tbl_Court_Appln,IDNCASE,0
tbl_Court_Appln,APPL_CODE,1.0785500593168828e-6
tbl_Court_Appln,APPL_RECD_DATE,3.0334220418287326e-6
tbl_Court_Appln,APPL_DEC,0.40287997133213943
tbl_Court_Motions,IDNMOTION,0
tbl_Court_Motions,IDNPROCEEDING,3.454139462320016e-6
tbl_Court_Motions,IDNCASE,0
tbl_Court_Motions,OSC_DATE,2.590604596740012e-6
tbl_Court_Motions,REC_TYPE,0
tbl_Court_Motions,GENERATION,4.893364238286689e-6
tbl_Court_Motions,SUB_GENERATION,0.9609434694096372
tbl_Court_Motions,UPDATE_DATE,0.0027641751047215927
tbl_Court_Motions,UPDATE_TIME,0.0027628798024232227
tbl_Court_Motions,INPUT_DATE,8.275542461808371e-5
tbl_Court_Motions,INPUT_TIME,7.97330525885537e-5
tbl_Court_Motions,REJ,0.9999966897830153
tbl_Court_Motions,BASE_CITY_CODE,4.029829372706685e-6
tbl_Court_Motions,HEARING_LOC_CODE,1.2521255550910059e-4
tbl_Court_Motions,IJ_CODE,0.04016156737335002
tbl_Court_Motions,IJ_NAME,0.9631326742163601
tbl_Court_Motions,DEC,0.01053210298804652
tbl_Court_Motions,COMP_DATE,0.010530663763270552
tbl_Court_Motions,MOTION_RECD_DATE,0.007261464684662254
tbl_Court_Motions,DATMOTIONDUE,0.9399258943162855
tbl_Court_Motions,WU_MSG,0.9958570475599023
tbl_Court_Motions,APPEAL_RSVD,0.9881856916590448
tbl_Court_Motions,APPEAL_NOT_FILED,0.9958925964118687
tbl_Court_Motions,RESP_DUE_DATE,0.05058774341788539
tbl_Court_Motions,STAY_GRANT,0.9978949898426711
tbl_Court_Motions,JURISDICTION,0.9747049049499977
tbl_Court_Motions,DATE_APPEAL_DUE,0.9287580857446944
tbl_Court_Motions,DATE_TO_BIA,0.9999978411628361
tbl_Court_Motions,DECISION_RENDERED,0.9999987046977016
tbl_Court_Motions,DATE_MAILED_TO_IJ,0.9999994243100896
tbl_Court_Motions,DATE_RECD_FROM_BIA,0.9999984168527465
tbl_Court_Motions,DATE_TO_BIA_UPDATE,0.9877251397307354
tbl_Court_Motions,STRFILINGPARTY,0.03885417558686189
tbl_Court_Motions,STRFILINGMETHOD,0.05976467235688169
tbl_Court_Motions,STRCERTOFSERVICECODE,0.17867428688211381
tbl_Court_Motions,E_28_RECPTFLAG,1
tbl_Court_Motions,E_28_DATE,0.9862466241183848
tbl_Court_Motions,O_CLOCK_OPTION,0.9888235560797533
tbl_Court_Motions,SCHEDULED_HEAR_LOC,0.9713267565558488
tbl_Court_Motions,BLNDELETED,0.9862602967537566
tbl_Court_Motions,strDJScenario,1.4392247759666734e-7
tbl_CustodyHistory,IDNCUSTODY,0
tbl_CustodyHistory,IDNCASE,0
tbl_CustodyHistory,CUSTODY,0
tbl_CustodyHistory,DATDETAINED,0.771252724708296
tbl_CustodyHistory,DATRELEASED,0.8924050091892123
tbl_EOIR_Attorney,EOIRAttorneyID,0
tbl_EOIR_Attorney,OldAttorneyID,0.3471247909778316
tbl_EOIR_Attorney,BaseCityCode,0.31139180304230024
tbl_EOIR_Attorney,blnAttorneyActive,0
tbl_EOIR_Attorney,Source_Flag,0
tbl_EOIR_Attorney,datCreatedOn,2.5297690573827515e-6
tbl_EOIR_Attorney,datModifiedOn,4.8065612090272277e-4
tbl_JuvenileHistory,idnJuvenileHistory,0
tbl_JuvenileHistory,idnCase,0
tbl_JuvenileHistory,idnProceeding,3.442233070471899e-5
tbl_JuvenileHistory,idnJuvenile,3.47352609838528e-4
tbl_JuvenileHistory,DATCREATEDON,0.013400369953129999
tbl_JuvenileHistory,DATMODIFIEDON,0.6742030708891392
tbl_Lead_Rider,idnLeadRider,0
tbl_Lead_Rider,idnLeadCase,0
tbl_Lead_Rider,idnRiderCase,0
tbl_Lead_Rider,datCreatedOn,0
tbl_Lead_Rider,datModifiedOn,0
tbl_Lead_Rider,datSeveredOn,0.9080419275594764
tbl_Lead_Rider,idnLeadProceedingStart,6.409115753009398e-5
tbl_Lead_Rider,idnLeadProceedingEnd,0.908052277684295
tbl_Lead_Rider,idnRiderProceedingStart,7.842209958651251e-5
tbl_Lead_Rider,idnRiderProceedingEnd,0.9080423256412001
tbl_Lead_Rider,blnActive,0
tbl_RepsAssigned,IDNREPSASSIGNED,0
tbl_RepsAssigned,IDNCASE,0
tbl_RepsAssigned,STRATTYLEVEL,0
tbl_RepsAssigned,STRATTYTYPE,0
tbl_RepsAssigned,PARENT_TABLE,0
tbl_RepsAssigned,PARENT_IDN,4.1066321534349476e-8
tbl_RepsAssigned,BASE_CITY_CODE,0.3249322179829915
tbl_RepsAssigned,INS_TA_DATE_ASSIGNED,0.4780992075267668
tbl_RepsAssigned,E_27_DATE,0.9611755710908537
tbl_RepsAssigned,E_28_DATE,0.5212888221497283
tbl_RepsAssigned,BLNPRIMEATTY,0
tbl_schedule,IDNSCHEDULE,0
tbl_schedule,IDNPROCEEDING,2.13304410192913e-6
tbl_schedule,IDNCASE,0
tbl_schedule,OSC_DATE,3.9245667470988373e-4
tbl_schedule,GENERATION,1.4532827947209455e-6
tbl_schedule,SUB_GENERATION,0.9474108524689657
tbl_schedule,REC_TYPE,1.5939230651778113e-6
tbl_schedule,LANG,0.03992029540832488
tbl_schedule,HEARING_LOC_CODE,3.3519264458886326e-6
tbl_schedule,BASE_CITY_CODE,2.95344567959418e-6
tbl_schedule,IJ_CODE,2.4916767915941373e-5
tbl_schedule,INTERPRETER_CODE,0.9999998124796394
tbl_schedule,INPUT_DATE,1.1720022538072142e-7
tbl_schedule,INPUT_TIME,1.0829300825178658e-5
tbl_schedule,UPDATE_DATE,1.406402704568657e-7
tbl_schedule,UPDATE_TIME,6.328812170558957e-7
tbl_schedule,ASSIGNMENT_PATH,0.8567174973420161
tbl_schedule,CAL_TYPE,3.3022335503272066e-4
tbl_schedule,ADJ_DATE,2.3440045076144283e-8
tbl_schedule,ADJ_TIME_START,9.376018030457713e-8
tbl_schedule,ADJ_TIME_STOP,0.11355511085102037
tbl_schedule,ADJ_RSN,0.16683716955455055
tbl_schedule,ADJ_MEDIUM,0.14574588731517113
tbl_schedule,ADJ_MSG,0.8392223868182187
tbl_schedule,ADJ_ELAP_DAYS,0.4944735640124425
tbl_schedule,LNGSESSNID,0.22203767874733774
tbl_schedule,SCHEDULE_TYPE,4.6880090152288566e-8
tbl_schedule,NOTICE_CODE,0.45279278057862876
tbl_schedule,BLNCLOCKOVERRIDE,4.6880090152288566e-8
tbl_schedule,EOIRAttorneyID,0.5936648730812976
tblAdjournmentcodes,idnAdjCode,0
tblAdjournmentcodes,strcode,0
tblAdjournmentcodes,strDesciption,0
tblAdjournmentcodes,Regd_By,0
tblAdjournmentcodes,datCreatedOn,0
tblAdjournmentcodes,datModifiedOn,0.28688524590163933
tblAdjournmentcodes,blnActive,0
tblAdjournmentcodes,asy_clk_stat,0
tblAppeal,idnAppeal,0
tblAppeal,idncase,0.0011617258355962634
tblAppeal,idnProceeding,0.09472767439269805
tblAppeal,strAppealCategory,0
tblAppeal,strAppealType,0
tblAppeal,datAppealFiled,1.1718529599414363e-4
tblAppeal,strFiledBy,1.0127124345172906e-5
tblAppeal,datAttorneyE27,0.3233373793606312
tblAppeal,datBIADecision,0.11431425624228711
tblAppeal,strBIADecision,0.11432872356278022
tblAppeal,strBIADecisionType,0.13230002907931418
tblAppeal,strCaseType,0.03294064203074884
tblAppeal,strLang,0.09695564174863609
tblAppeal,strNat,0.09573025970287018
tblAppeal,strProceedingIHP,0.9771098055158106
tblAppeal,strCustody,0.17580181507002907
tblAppeal,strProbono,0.9978639001291931
tblAppeal2,idnAppeal,0
tblAppeal2,idncase,0.0010275552573082247
tblAppeal2,idnProceeding,0.10740661130450586
tblAppealFedCourts,idnAppealFedCourts,0
tblAppealFedCourts,lngAppealID,0.053252603153663584
tblAppealFedCourts,datRequestedByOIL,0.03280509186440487
tblAppealFedCourts,strFedCourtDecision,0.9642859156279421
tblBarCodeType,idnBarCodeType,0
tblBarCodeType,strBarCodeTypeID,0
tblBarCodeType,strBarCodeTypeDescription,0
tblBarCodeType,blnActive,0
tblBarCodeType,datCreatedOn,0
tblBarCodeType,datModifiedOn,0.7375886524822695
tblBarCodeType,lngGroupID,0.014184397163120567
tblDecCode,idnDecCode,0
tblDecCode,strCode,0
tblDecCode,strDescription,0
tblDecCode,datCreatedOn,0
tblDecCode,datModifiedOn,0.9166666666666666
tblDecCode,blnActive,0
tblInmateHousing,idnInmate,0
tblInmateHousing,Strcity,0
tblInmateHousing,Strcode,0
tblInmateHousing,Strdescription,0
tblInmateHousing,datCreatedOn,0
tblInmateHousing,datModifiedOn,0.8342494714587738
tblInmateHousing,blnActive,0
tblINSoffice,idnINSOffice,0
tblINSoffice,strCode,0
tblINSoffice,strDescription,0
tblINSoffice,datCreatedOn,0
tblINSoffice,datModifiedOn,0.09859154929577464
tblINSoffice,blnActive,0
tblLanguage,idnLang,0
tblLanguage,strCode,0
tblLanguage,strDescription,0
tblLanguage,datCreatedOn,0
tblLanguage,datModifiedOn,0.018105849582172703
tblLanguage,blnActive,0
tblLookUp_Appln,idnAppln,0
tblLookUp_Appln,strcode,0
tblLookUp_Appln,strdescription,0
tblLookUp_Appln,strAllowedCaseTypes,0
tblLookUp_Appln,strAllowedDecisionCodes,0
tblLookUp_Appln,APL_casetype_1,0.15
tblLookUp_Appln,APL_casetype_2,0.275
tblLookUp_Appln,APL_casetype_3,0.425
tblLookUp_Appln,APL_casetype_4,0.9
tblLookUp_Appln,APL_casetype_5,0.95
tblLookUp_Appln,APL_casetype_6,1
tblLookUp_Appln,APL_casetype_7,1
tblLookUp_Appln,datCreatedOn,0
tblLookUp_Appln,datModifiedOn,0.8
tblLookUp_Appln,blnActive,0
tblLookup_BIACluster,idnLookupCluster,0
tblLookup_BIACluster,Report_Classification,0
tblLookup_BIACluster,Region_Name,0.6611570247933884
tblLookup_BIACluster,Cluster_Name,0
tblLookup_BIACluster,Cluster_Subgroup,1
tblLookup_BIACluster,idnBaseCity,0
tblLookup_BIACluster,Sort_Start,0
tblLookup_BIACluster,Sort_End,0
tblLookup_CasePriority,idnCasePriority,0
tblLookup_CasePriority,strCode,0.16666666666666666
tblLookup_CasePriority,strDescription,0
tblLookup_CasePriority,strDays,0
tblLookup_CasePriority,DATCREATEDON,0
tblLookup_CasePriority,DATMODIFIEDON,0
tblLookup_CasePriority,blnActive,0
tblLookup_CasePriority,blnBypasscal,0
tbllookup_Category,strcategory,0
tbllookup_Category,strDescription,0
tbllookup_Category,datCreatedOn,0
tbllookup_Category,datModifiedOn,0.7142857142857143
tbllookup_Category,blnActive,0
tbllookup_Category,idnCategory,0
tblLookup_INS_Clock_Entry_Status,idnClEnSt,0
tblLookup_INS_Clock_Entry_Status,INS_Clock_Entry_Status_Code,0
tblLookup_INS_Clock_Entry_Status,INS_Clock_Entry_Status_Desc,0
tblLookup_INS_Clock_Entry_Status,datCreatedOn,0
tblLookup_INS_Clock_Entry_Status,datModifiedOn,0.5
tblLookup_INS_Clock_Entry_Status,blnActive,0
tblLookup_Juvenile,idnJuvenile,0
tblLookup_Juvenile,strCode,0.16666666666666666
tblLookup_Juvenile,strDescription,0
tblLookup_Juvenile,DATCREATEDON,0
tblLookup_Juvenile,DATMODIFIEDON,0
tblLookup3MbrReferredReason,idnReason,0
tblLookup3MbrReferredReason,strReason,0
tblLookup3MbrReferredReason,blnActive,0
tblLookup3MbrReferredReason,datCreatedOn,0
tblLookup3MbrReferredReason,datModifiedOn,0
tblLookupAlienNat,idnNat,0
tblLookupAlienNat,strCode,0.00390625
tblLookupAlienNat,strDescription,0
tblLookupAlienNat,Nacara,0.0546875
tblLookupAlienNat,blnActive,0
tblLookupAlienNat,datCreatedOn,0
tblLookupAlienNat,datModifiedOn,0.03125
tblLookUpAllegationStmt,idnAllegStmt,0
tblLookUpAllegationStmt,strcode,0
tblLookUpAllegationStmt,strDescription,0
tblLookUpAllegationStmt,datCreatedOn,0
tblLookUpAllegationStmt,datModifiedOn,1
tblLookUpAllegationStmt,blnActive,0
tblLookupAppealIssues,idnAppealIssues,0
tblLookupAppealIssues,strCode,0.0040650406504065045
tblLookupAppealIssues,strDescription,0
tblLookupAppealIssues,blnActive,0
tblLookupAppealIssues,datCreatedOn,0
tblLookupAppealIssues,datModifiedOn,0
tbllookupAppealType,idnAppealType,0
tbllookupAppealType,strApplCode,0
tbllookupAppealType,strApplDescription,0
tbllookupAppealType,datCreatedOn,0
tbllookupAppealType,datModifiedOn,0.05263157894736842
tbllookupAppealType,blnActive,0
tbllookupAppealType,blnDDAppeal,0
tblLookupBaseCity,idnBaseCity,0
tblLookupBaseCity,BASE_CITY_CODE,0
tblLookupBaseCity,BASE_CITY_NAME,0
tblLookupBaseCity,BaseAutomated,0.20833333333333334
tblLookupBaseCity,BASE_ST_ADDRESS,0
tblLookupBaseCity,BASE_CITY,0
tblLookupBaseCity,BASE_STATE,0
tblLookupBaseCity,BASE_ZIP_1,0
tblLookupBaseCity,BASE_ZIP_2,0.40625
tblLookupBaseCity,BASE_PHONE_NO,0
tblLookupBaseCity,strRegion,0
tblLookupBaseCity,BaseEoir1Flag,1
tblLookupBaseCity,BaseEoir1Code,1
tblLookupBaseCity,BaseEoir1Suba,1
tblLookupBaseCity,BaseEoir1Subb,1
tblLookupBaseCity,BaseEoir1Subc,1
tblLookupBaseCity,BaseEoir1Subd,1
tblLookupBaseCity,BaseEoir1Sube,1
tblLookupBaseCity,BaseEoir1Subf,1
tblLookupBaseCity,BaseEoir2Flag,1
tblLookupBaseCity,BaseEoir2Code,1
tblLookupBaseCity,BaseEoir2Suba,1
tblLookupBaseCity,BaseEoir2Subb,1
tblLookupBaseCity,BaseEoir2Subc,1
tblLookupBaseCity,BaseEoir2Subd,1
tblLookupBaseCity,BaseEoir2Sube,1
tblLookupBaseCity,BaseEoir2Subf,1
tblLookupBaseCity,BaseEoir5Flag,1
tblLookupBaseCity,BaseEoir5Code,1
tblLookupBaseCity,BaseEoir5Suba,1
tblLookupBaseCity,BaseEoir5Subb,1
tblLookupBaseCity,BaseEoir5Subc,1
tblLookupBaseCity,BaseEoir5Subd,1
tblLookupBaseCity,BaseEoir5Sube,1
tblLookupBaseCity,BaseEoir5Subf,1
tblLookupBaseCity,BaseEoir6Flag,1
tblLookupBaseCity,BaseEoir6Code,1
tblLookupBaseCity,BaseEoir6Suba,1
tblLookupBaseCity,BaseEoir6Subb,1
tblLookupBaseCity,BaseEoir6Subc,1
tblLookupBaseCity,BaseEoir6Subd,1
tblLookupBaseCity,BaseEoir6Sube,1
tblLookupBaseCity,BaseEoir6Subf,1
tblLookupBaseCity,BaseEoir7Flag,1
tblLookupBaseCity,BaseEoir7Code,1
tblLookupBaseCity,BaseEoir7Suba,1
tblLookupBaseCity,BaseEoir7Subb,1
tblLookupBaseCity,BaseEoir7Subc,1
tblLookupBaseCity,BaseEoir7Subd,1
tblLookupBaseCity,BaseEoir7Sube,1
tblLookupBaseCity,BaseEoir7Subf,1
tblLookupBaseCity,BaseEoir34Flag,1
tblLookupBaseCity,BaseEoir34Code,1
tblLookupBaseCity,BaseEoir34Suba,1
tblLookupBaseCity,BaseEoir34Subb,1
tblLookupBaseCity,BaseEoir34Subc,1
tblLookupBaseCity,BaseEoir34Subd,1
tblLookupBaseCity,BaseEoir34Sube,1
tblLookupBaseCity,BaseEoir34Subf,1
tblLookupBaseCity,BaseEoir35Flag,1
tblLookupBaseCity,BaseEoir35Code,1
tblLookupBaseCity,BaseEoir35Suba,1
tblLookupBaseCity,BaseEoir35Subb,1
tblLookupBaseCity,BaseEoir35Subc,1
tblLookupBaseCity,BaseEoir35Subd,1
tblLookupBaseCity,BaseEoir35Sube,1
tblLookupBaseCity,BaseEoir35Subf,1
tblLookupBaseCity,BaseEoir36Flag,1
tblLookupBaseCity,BaseEoir36Code,1
tblLookupBaseCity,BaseEoir36Suba,1
tblLookupBaseCity,BaseEoir36Subb,1
tblLookupBaseCity,BaseEoir36Subc,1
tblLookupBaseCity,BaseEoir36Subd,1
tblLookupBaseCity,BaseEoir36Sube,1
tblLookupBaseCity,BaseEoir36Subf,1
tblLookupBaseCity,BaseEoir39Flag,1
tblLookupBaseCity,BaseEoir39Code,1
tblLookupBaseCity,BaseEoir39Suba,1
tblLookupBaseCity,BaseEoir39Subb,1
tblLookupBaseCity,BaseEoir39Subc,1
tblLookupBaseCity,BaseEoir39Subd,1
tblLookupBaseCity,BaseEoir39Sube,1
tblLookupBaseCity,BaseEoir39Subf,1
tblLookupBaseCity,I122Flag,1
tblLookupBaseCity,I122Code,1
tblLookupBaseCity,I122Suba,1
tblLookupBaseCity,I122Subb,1
tblLookupBaseCity,I122Subc,1
tblLookupBaseCity,I122Subd,1
tblLookupBaseCity,I122Sube,1
tblLookupBaseCity,I122Subf,1
tblLookupBaseCity,RopDefault,1
tblLookupBaseCity,RopPrtClass,1
tblLookupBaseCity,BaseSplPrtClass,1
tblLookupBaseCity,datCreatedOn,0
tblLookupBaseCity,datModifiedOn,0
tblLookupBaseCity,blnActive,0
tblLookupBaseCity,blnBCIS,0
tblLookupBIA,idnBIA,0
tblLookupBIA,strCode,0
tblLookupBIA,strGroup,0
tblLookupBIA,blnActive,0
tblLookupBIA,datCreatedOn,0
tblLookupBIA,datModifiedOn,0.001182033096926714
tblLookupBIA,strTeam,0.08865248226950355
tblLookupBIA,strPanel,0.11702127659574468
tblLookupBIA,blnSLStatus,0
tblLookupBIADecision,idnBIAdec,0
tblLookupBIADecision,strCode,0
tblLookupBIADecision,strDescription,0
tblLookupBIADecision,blnActive,0
tblLookupBIADecision,datCreatedOn,0
tblLookupBIADecision,datModifiedOn,0.1320754716981132
tblLookupBIADecisionType,idnBIAdecType,0
tblLookupBIADecisionType,strCode,0
tblLookupBIADecisionType,strDescription,0
tblLookupBIADecisionType,blnActive,0
tblLookupBIADecisionType,datCreatedOn,0
tblLookupBIADecisionType,datModifiedOn,0.8
tblLookupBoardMotions,idnBoardMotion,0
tblLookupBoardMotions,strBoardMotionCode,0
tblLookupBoardMotions,strBoardMotionDescription,0
tblLookupBoardMotions,datCreatedOn,0
tblLookupBoardMotions,datModifiedOn,0.25
tblLookupBoardMotions,blnActive,0
tblLookupBoardMotions,strHelp,0.0625
tblLookupBoardMotions,strAllowedDecisions,0
tblLookupBoardMotions,intMandatoryResponseDueByDays,0
tblLookupBoardMotions,intMandatoryIJDecisionByDays,0
tbllookupCal_Type,idnCalType,0
tbllookupCal_Type,strCalTypeCode,0
tbllookupCal_Type,strCalTypeDescription,0
tbllookupCal_Type,datCreatedOn,0
tbllookupCal_Type,datModifiedOn,0.9655172413793104
tbllookupCal_Type,blnActive,0
tblLookupCallup_Reasons,idnCalTypeReason,0
tblLookupCallup_Reasons,strcode,0
tblLookupCallup_Reasons,strDesciption,0
tblLookupCallup_Reasons,Regd_By,0
tblLookupCallup_Reasons,datCreatedOn,0
tblLookupCallup_Reasons,datModifiedOn,0.3793103448275862
tblLookupCallup_Reasons,blnActive,0
tblLookUpCaseIdentifier,idnCaseIdentifier,0
tblLookUpCaseIdentifier,strcode,0.00909090909090909
tblLookUpCaseIdentifier,strDescription,0
tblLookUpCaseIdentifier,datCreatedOn,0
tblLookUpCaseIdentifier,datModifiedOn,0.045454545454545456
tblLookUpCaseIdentifier,blnActive,0
tblLookupCaseType,idnCaseType,0
tblLookupCaseType,strCode,0
tblLookupCaseType,strDescription,0
tblLookupCaseType,blnActive,0
tblLookupCaseType,datCreatedOn,0
tblLookupCaseType,datModifiedOn,0.5384615384615384
tblLookupCaseType,strAnsirCode,0.3076923076923077
tbllookupCharges,idnCharges,0
tbllookupCharges,strCode,0
tbllookupCharges,strCodeString,0
tbllookupCharges,strCodeDescription,0.2261904761904762
tbllookupCharges,applicable_case_type1,0.007936507936507936
tbllookupCharges,applicable_case_type2,0.6428571428571429
tbllookupCharges,applicable_case_type3,0.9761904761904762
tbllookupCharges,criminal_flag,0
tbllookupCharges,aggravate_felon,0
tbllookupCharges,DatCreatedOn,0
tbllookupCharges,DatModifiedOn,0.8531746031746031
tbllookupCharges,blnActive,0
tblLookupClaimedIssue,idnClaimedIssue,0
tblLookupClaimedIssue,strCode,0
tblLookupClaimedIssue,strDescription,0
tblLookupClaimedIssue,blnActive,0
tblLookupClaimedIssue,datCreatedOn,0
tblLookupClaimedIssue,datModifiedOn,1
tblLookupCommentTypeBoard,idnCommBrd,0
tblLookupCommentTypeBoard,strcode,0
tblLookupCommentTypeBoard,strDescription,0
tblLookupCommentTypeBoard,datCreatedOn,0
tblLookupCommentTypeBoard,datModifiedOn,1
tblLookupCommentTypeBoard,blnActive,0
tblLookupComponents,idnComp,0
tblLookupComponents,strCompCode,0
tblLookupComponents,strCompDescription,0
tblLookupComponents,datCreatedOn,0
tblLookupComponents,datModifiedOn,1
tblLookupComponents,blnActive,0
tblLookupConsultedWith,idnConsultedWith,0
tblLookupConsultedWith,strCode,0
tblLookupConsultedWith,strDescription,0
tblLookupConsultedWith,blnActive,0
tblLookupConsultedWith,datCreatedOn,0
tblLookupConsultedWith,datModifiedOn,1
tblLookupContactChange,idnContactChange,0
tblLookupContactChange,strContactChangeCode,0
tblLookupContactChange,strContactChangeDesc,0
tblLookupContactChange,blnActive,0
tblLookupContactChange,datCreatedOn,0
tblLookupContactChange,datModifiedOn,0.1111111111111111
tblLookupCountry,idnCountry,0
tblLookupCountry,strCode,0.003937007874015748
tblLookupCountry,strDescription,0
tblLookupCountry,blnActive,0
tblLookupCountry,datCreatedOn,0
tblLookupCountry,datModifiedOn,0.007874015748031496
tblLookupCourtAppDecisions,idnCourtApplnDec,0
tblLookupCourtAppDecisions,strCourtApplnDecCode,0
tblLookupCourtAppDecisions,strCourtApplnDecDesc,0
tblLookupCourtAppDecisions,blnActive,0
tblLookupCourtAppDecisions,datCreatedOn,0
tblLookupCourtAppDecisions,datModifiedOn,0.6428571428571429
tblLookupCourtAppDecisions,Comments,0.8571428571428571
tblLookupCourtDecision,idnCourtDecision,0
tblLookupCourtDecision,strCaseType,0
tblLookupCourtDecision,strDecCode,0
tblLookupCourtDecision,strDecDescription,0
tblLookupCourtDecision,strDecType,0
tblLookupCourtDecision,strFinalDisposition,1
tblLookupCourtDecision,blnActive,0
tblLookupCourtDecision,datCreatedOn,0.21658986175115208
tblLookupCourtDecision,datModifiedOn,0.6082949308755761
tblLookupCustodyStatus,idnCustodyStatus,0
tblLookupCustodyStatus,strCode,0
tblLookupCustodyStatus,strSelecBoxVal,0
tblLookupCustodyStatus,strDescription,0
tblLookupCustodyStatus,blnActive,0
tblLookupCustodyStatus,datCreatedOn,1
tblLookupCustodyStatus,datModifiedOn,0.6666666666666666
tblLookUpDDDecisionTypes,idnDDDecType,0
tblLookUpDDDecisionTypes,strCode,0
tblLookUpDDDecisionTypes,strDescription,0
tblLookUpDDDecisionTypes,blnActive,0
tblLookUpDDDecisionTypes,datCreatedOn,0
tblLookUpDDDecisionTypes,datModifiedOn,0.6956521739130435
tblLookUpDDDecisionTypes,strDecsription,1
tblLookUpDDDecisionTypes,strFinalDisp,0.5652173913043478
tblLookupDistrictLocation,idnDestLoc,0
tblLookupDistrictLocation,strCode,0
tblLookupDistrictLocation,strDescription,0
tblLookupDistrictLocation,blnActive,0
tblLookupDistrictLocation,datCreatedOn,0
tblLookupDistrictLocation,datModifiedOn,0
tblLookupFedCourtDecision,idnFedCourt,0
tblLookupFedCourtDecision,strCode,0
tblLookupFedCourtDecision,strDescription,0
tblLookupFedCourtDecision,blnActive,0
tblLookupFedCourtDecision,datCreatedOn,0
tblLookupFedCourtDecision,datModifiedOn,0
tblLookupFedCourtRemandTo,idnFedCourtRem,0
tblLookupFedCourtRemandTo,strCode,0
tblLookupFedCourtRemandTo,strDescription,0
tblLookupFedCourtRemandTo,blnActive,0
tblLookupFedCourtRemandTo,datCreatedOn,0
tblLookupFedCourtRemandTo,datModifiedOn,0.5
tblLookupFeeStatus,idnFee,0
tblLookupFeeStatus,strCode,0
tblLookupFeeStatus,strDescription,0
tblLookupFeeStatus,blnActive,0
tblLookupFeeStatus,datCreatedOn,0
tblLookupFeeStatus,datModifiedOn,0.4
tblLookupFeeType,idnFeeType,0
tblLookupFeeType,strCode,0
tblLookupFeeType,strDescription,0
tblLookupFeeType,curAmount,0
tblLookupFeeType,blnActive,0
tblLookupFeeType,datCreatedOn,0
tblLookupFeeType,datModifiedOn,1
tblLookupFiledBy,idnFiled,0
tblLookupFiledBy,strCode,0
tblLookupFiledBy,strDescription,0
tblLookupFiledBy,blnActive,0
tblLookupFiledBy,datCreatedOn,0
tblLookupFiledBy,datModifiedOn,0.2222222222222222
tblLookupFiling_Method_Party,idnFilingParty,0
tblLookupFiling_Method_Party,strFilingPartyCode,0
tblLookupFiling_Method_Party,strFilingPartyDesc,0
tblLookupFiling_Method_Party,datCreatedOn,0
tblLookupFiling_Method_Party,datModifiedOn,0.6
tblLookupFiling_Method_Party,blnActive,0
tblLookupFiling_Method,idnFilingMethod,0
tblLookupFiling_Method,strFilingMethodCode,0
tblLookupFiling_Method,strFilingMethodDesc,0
tblLookupFiling_Method,datCreatedOn,0
tblLookupFiling_Method,datModifiedOn,0.5
tblLookupFiling_Method,blnActive,0
tblLookupFinalDisposition,idnFinDisp,0
tblLookupFinalDisposition,strCode,0
tblLookupFinalDisposition,strDescription,0.25
tblLookupFinalDisposition,blnActive,0
tblLookupFinalDisposition,datCreatedOn,0
tblLookupFinalDisposition,datModifiedOn,0.5
tblLookupHloc,idnHloc,0
tblLookupHloc,HEARING_LOC_CODE,0
tblLookupHloc,HEARING_LOC_NAME,0
tblLookupHloc,HEARING_CORR_TITLE,0
tblLookupHloc,HEARING_ST_ADDRESS,0
tblLookupHloc,HEARING_CITY,0
tblLookupHloc,HEARING_STATE,0
tblLookupHloc,HEARING_ZIP,0
tblLookupHloc,HEARING_PHONE_NO,0
tblLookupHloc,HEARING_BASE_CITY,0
tblLookupHloc,Hear_Admin_Hear_Loc,0
tblLookupHloc,Hear_Trans_COV_City,0.008733624454148471
tblLookupHloc,Hear_Det_Type,0.8209606986899564
tblLookupHloc,Hear_Active_Flg,0
tblLookupHloc,datCreatedOn,0.2366812227074236
tblLookupHloc,datModifiedOn,0
tblLookupHloc,blnActive,0
tblLookupHloc,ROPLoc,0
tblLookupHloc,intCalDetainDays,0
tblLookupHloc,intCalINSAsyPDays,0
tblLookupHloc,intCalINSAsyMDays,0
tblLookupHloc,intCalINSDays,0
tblLookupHloc,intCalEOIRDays,0
tblLookupHloc,intCalCFRDays,0
tblLookupHloc,intCalCDRDays,0
tblLookupHloc,CircuitCourt,0
tblLookupHloc,blnPrnWksOnAdd,0
tblLookupHloc,blnPrnRopOnAdd,0
tblLookupHoldReason,strCode,0
tblLookupHoldReason,strDescription,0
tblLookupHoldReason,blnActive,0
tblLookupHoldReason,datCreatedOn,0
tblLookupHoldReason,datModifiedOn,0
tblLookupHoldReason,idnRepl,0
tblLookupHolidays,idnHoliday,0
tblLookupHolidays,datHoliday,0
tblLookupHolidays,strHoliday,0
tblLookupHolidays,Holiday_Day,0.6704730831973899
tblLookupHolidays,blnActive,0
tblLookupHolidays,datCreatedOn,0
tblLookupHolidays,datModifiedOn,0.9168026101141925
tblLookupInmate,ID,0
tblLookupInmate,INMATE_BASE,0
tblLookupInmate,INMATE_CODE,0
tblLookupInmate,INMATE_NAME,0
tblLookupInmate,INMATE_ADDRESS,0.00495458298926507
tblLookupInmate,INMATE_CITY,0.00495458298926507
tblLookupInmate,INMATE_ST,0.00495458298926507
tblLookupInmate,INMATE_ZIP,0.001032204789430223
tblLookupInmate,INMATE_PHONE,0.5383980181668043
tblLookupInmate,datCreatedOn,0
tblLookupInmate,datModifiedOn,0.05677126341866226
tblLookupInmate,blnActive,0
tblLookUpINSAddress,idnLookupINSAddress,0
tblLookUpINSAddress,strCode,0
tblLookUpINSAddress,strName,0
tblLookUpINSAddress,strAddress,0
tblLookUpINSAddress,strCity,0
tblLookUpINSAddress,strState,0
tblLookUpINSAddress,strZip,0
tblLookUpINSAddress,datCreatedOn,0
tblLookUpINSAddress,datModifiedOn,0
tblLookUpINSAddress,blnActive,0
tblLookupINSLOC,ID,0
tblLookupINSLOC,INSLOC_CODE,0
tblLookupINSLOC,INSLOC_INFO,0
tblLookupINSLOC,INSLOC_ASY,0
tblLookupINSLOC,datCreatedOn,0
tblLookupINSLOC,datModifiedOn,0.8782222222222222
tblLookupINSLOC,blnActive,0
tblLookupINSTA,ID,0
tblLookupINSTA,INSTA_BASE,0
tblLookupINSTA,datCreatedOn,0
tblLookupINSTA,datModifiedOn,0.014248863775948901
tblLookupINSTA,blnActive,0
tblLookupInTrPr,IDNIntrpr,0
tblLookupInTrPr,Inhouse_Flag,0
tblLookupInTrPr,IntrCode,0
tblLookupInTrPr,Base_city,0
tblLookupInTrPr,IntrHloc,0
tblLookupInTrPr,datCreatedOn,0
tblLookupInTrPr,datModifiedOn,0.7021276595744681
tblLookupInTrPr,blnActive,0
tblLookupInTrPrAgenda,idnIntrPrAgenda,0
tblLookupInTrPrAgenda,IntrCode,0
tblLookupInTrPrAgenda,Base_city,0
tblLookupInTrPrAgenda,LanguageWorkday,0
tblLookupInTrPrAgenda,LanguageCode,0
tblLookupInTrPrAgenda,IntrHloc,0
tblLookupInTrPrAgenda,StartTime,0
tblLookupInTrPrAgenda,EndTime,0
tblLookupInTrPrAgenda,BreakStartTime,0.4
tblLookupInTrPrAgenda,BreakEndTime,0.4
tblLookupInTrPrAgenda,datCreatedOn,0
tblLookupInTrPrAgenda,datModifiedOn,0
tblLookupInTrPrAgenda,blnActive,0
tblLookupIntrPrLang,idnintrprLang,0
tblLookupIntrPrLang,IntrCode,0
tblLookupIntrPrLang,Base_city,0
tblLookupIntrPrLang,LanguageCode,0
tblLookupIntrPrLang,DATCREATEDON,0
tblLookupIntrPrLang,DATMODIFIEDON,0
tblLookupInTrPrLangGroup,idnIntrLangGroup,0
tblLookupInTrPrLangGroup,LanguageCode,0
tblLookupInTrPrLangGroup,Base_city,0
tblLookupInTrPrLangGroup,MasterGroupFlag,0
tblLookupInTrPrLangGroup,IndivGroupFlag,0
tblLookupInTrPrLangGroup,DATCREATEDON,0
tblLookupInTrPrLangGroup,DATMODIFIEDON,0
tblLookupJudge,idnJudge,0
tblLookupJudge,JUDGE_CODE,0
tblLookupJudge,JUDGE_NAME,0
tblLookupJudge,JUDGE_ST_ADDRESS,1
tblLookupJudge,JUDGE_CITY,1
tblLookupJudge,JUDGE_STATE,1
tblLookupJudge,JUDGE_ZIP_1,1
tblLookupJudge,JUDGE_ZIP_2,1
tblLookupJudge,JUDGE_PHONE_NO,1
tblLookupJudge,datCreatedOn,0
tblLookupJudge,datModifiedOn,0.13755458515283842
tblLookupJudge,blnActive,0
tblLookupJudge,blnSkippedOnWheel,0
tblLookupJudge,blnLastOnWheel,0
tblLookupJudge,blnSkippedOnWheelMA,0
tblLookupJudge,blnLastOnWheelMA,0
tblLookupJudge,intOrderMA,0
tblLookupJudge,intOrderMM,0
tblLookupJudgeBaseCity,idnJudgeCity,0
tblLookupJudgeBaseCity,BASE_CITY_CODE,0
tblLookupJudgeBaseCity,JUDGE_CODE,0
tblLookupJudgeBaseCity,JUDGE_NAME,0
tblLookupJudgeBaseCity,JUDGE_ST_ADDRESS,0.8547242977395252
tblLookupJudgeBaseCity,JUDGE_CITY,0.8557646836281093
tblLookupJudgeBaseCity,JUDGE_STATE,0.8630473848481982
tblLookupJudgeBaseCity,JUDGE_ZIP,0.8630473848481982
tblLookupJudgeBaseCity,JUDGE_PHONE_NO,0.8636148680601532
tblLookupJudgeBaseCity,JUBOOKFACT,0.8632365459188499
tblLookupJudgeBaseCity,JUDATE,0.8728837605220846
tblLookupJudgeBaseCity,JUTIME,0.8730729215927362
tblLookupJudgeBaseCity,JULOC,0.9767331883098458
tblLookupJudgeBaseCity,JULOC2,0.9964059396576185
tblLookupJudgeBaseCity,JULOC3,0.9970680034048993
tblLookupJudgeBaseCity,JULOC4,0.999432516788045
tblLookupJudgeBaseCity,JUCOURTROOM,0.9769223493804975
tblLookupJudgeBaseCity,JUCOURTROOM2,0.9976354866168543
tblLookupJudgeBaseCity,JUCOURTROOM3,0.9985812919701126
tblLookupJudgeBaseCity,JUCOURTROOM4,0.9998108389293483
tblLookupJudgeBaseCity,JUINDATE,0.9908256880733946
tblLookupJudgeBaseCity,JUINTIME,0.9908256880733946
tblLookupJudgeBaseCity,JUMODDATE,0.9908256880733946
tblLookupJudgeBaseCity,JUMODTIME,0.9908256880733946
tblLookupJudgeBaseCity,datCreatedOn,0
tblLookupJudgeBaseCity,datModifiedOn,9.458053532582995e-5
tblLookupJudgeBaseCity,blnActive,0
tblLookupMotionType,idnMotionType,0
tblLookupMotionType,strMotionCode,0
tblLookupMotionType,strMotionType,0
tblLookupMotionType,strMotionDesc,0
tblLookupMotionType,strMotionSummary,0.9859154929577465
tblLookupMotionType,strFilingPartyCodes,0
tblLookupMotionType,strLegacyCode,0.6901408450704225
tblLookupMotionType,datCreatedOn,0.6619718309859155
tblLookupMotionType,datModifiedOn,0.43661971830985913
tblLookupMotionType,blnActive,0
tblLookupMotionType,blnFilePriortoIJDecision,0
tblLookupMotionType,blnFileAfterIJDecision,0
tblLookupMotionType,intMandatoryIJDecisionByDays,0
tblLookupMotionType,blnFeeRequired,0
tblLookupMotionType,blnFileOrally,0
tblLookupMotionType,blnHearingRequiredtoFile,0
tblLookupMotionType,blnAdminCompleteReq,0
tblLookupMotionType,blnIJGrantPriorToHearing,0
tblLookupMotionType,blnCertServiceReqd,0
tblLookupMotionType,blnAsylClockAffected,0
tblLookupMotionType,blnAsylClockAffectedStart,0
tblLookupMotionType,IntMandatoryResponseDueByDaysDefault,0
tblLookupNationality,ID,0
tblLookupNationality,NAT_CODE,0.00398406374501992
tblLookupNationality,NAT_NAME,0
tblLookupNationality,NAT_COUNTRY_NAME,0
tblLookupNationality,NAT_NACARA_COUNTRY,0
tblLookupNationality,datCreatedOn,0
tblLookupNationality,datModifiedOn,0.9442231075697212
tblLookupNationality,blnActive,0
tblLookupNOTICE,IDNNOTORD,0
tblLookupNOTICE,Notice_Code,0.0016722408026755853
tblLookupNOTICE,Notice_Disp,0
tblLookupNOTICE,datCreatedOn,0.9498327759197325
tblLookupNOTICE,datModifiedOn,0.5903010033444817
tblLookupNOTICE,blnActive,0
tblLookupNOTICE,strNoticeOrder,0
tblLookupOAResponse,idnOAResp,0
tblLookupOAResponse,strCode,0
tblLookupOAResponse,strDescription,0
tblLookupOAResponse,blnActive,0
tblLookupOAResponse,datCreatedOn,0
tblLookupOAResponse,datModifiedOn,0.25
tblLookupOfficeLocation,idnOffLoc,0
tblLookupOfficeLocation,strCode,0
tblLookupOfficeLocation,strDescription,0
tblLookupOfficeLocation,blnActive,0
tblLookupOfficeLocation,datCreatedOn,0
tblLookupOfficeLocation,datModifiedOn,0
tblLookupPriority,idnPriority,0
tblLookupPriority,strCode,0
tblLookupPriority,strDescription,0
tblLookupPriority,strDays,0
tblLookupPriority,blnActive,0
tblLookupPriority,datCreatedOn,0
tblLookupPriority,datModifiedOn,0.13333333333333333
tblLookupRegion,idnRegion,0
tblLookupRegion,strcode,0
tblLookupRegion,strDescription,0
tblLookupRegion,datCreatedOn,0
tblLookupRegion,datModifiedOn,1
tblLookupRegion,blnActive,0
tbllookupSchedule_Type,idnSchType,0
tbllookupSchedule_Type,strCode,0.027777777777777776
tbllookupSchedule_Type,strDescription,0
tbllookupSchedule_Type,datCreatedOn,0.19444444444444445
tbllookupSchedule_Type,datModifiedOn,0.8333333333333334
tbllookupSchedule_Type,strSchedType,0
tbllookupSchedule_Type,blnActive,0
tbllookupSchedule_Type,blnSubsequent,0
tblLookupService_Method,idnCertificateOfServiceMeth,0
tblLookupService_Method,strCertificateOfServiceMethCode,0
tblLookupService_Method,strCertificateOfServiceMethDesc,0
tblLookupService_Method,datCreatedOn,0
tblLookupService_Method,datModifiedOn,0.8333333333333334
tblLookupService_Method,blnActive,0
tblLookupSex,idnSex,0
tblLookupSex,strcode,0
tblLookupSex,strDescription,0
tblLookupSex,datCreatedOn,0
tblLookupSex,datModifiedOn,1
tblLookupSex,blnActive,0
tblLookupSpecialIssue,idnSpecIssue,0
tblLookupSpecialIssue,strCode,0
tblLookupSpecialIssue,strDescription,0
tblLookupSpecialIssue,blnActive,0
tblLookupSpecialIssue,datCreatedOn,0
tblLookupSpecialIssue,datModifiedOn,0
tblLookupState,idnState,0
tblLookupState,state_code,0
tblLookupState,state_name,0
tblLookupState,datCreatedOn,0
tblLookupState,datModifiedOn,0.9830508474576272
tblLookupState,blnActive,0
tblLookupTranscribers,idnTranscribers,0
tblLookupTranscribers,intTAT,0
tblLookupTranscribers,curCostPerPageTrans,0
tblLookupTranscribers,blnActive,0
tblLookupTranscribers,datCreatedOn,0
tblLookupTranscribers,datModifiedOn,0.7142857142857143
tblLookupTranscribers,curCostPerPageDecision,0
tblLookupTranscribers,curCostPerPageReprint,0
tblLookupTranscribers,curCostPerPageRetype,0.14285714285714285
tblLookupTranscribers,curCostTransPriority,0
tblLookupTranscribers,curCostDecisionPriority,0
tblLookupVote,idnVote,0
tblLookupVote,strCode,0
tblLookupVote,strDescription,0
tblLookupVote,blnActive,0
tblLookupVote,datCreatedOn,0
tblLookupVote,datModifiedOn,0.5714285714285714
tblPanels,idnPanel,0
tblPanels,strCode,0
tblPanels,strDescription,0
tblPanels,blnActive,0
tblPanels,datCreatedOn,0.3
tblPanels,datModifiedOn,0.2
tblProBono,Case_type,0
tblProBono,DEC_212C,0.9970257560185618
tblProBono,DEC_245,0.9823725435236227
tblProBono,NBR_OF_CHGS,0.010230776417826777
tblProBono,Other_dec1,0.3631224890217696
tblProBono,Other_dec2,0.9978043539194619
tblProBono,P_EOIR42A_DEC,0.9548724656638325
tblProBono,P_EOIR42B_DEC,0.8938926780653399
tblProBono,VD_DEC,0.8736647045999564
tblProBono,WD_DEC,0.999984428041982
tblProBono,strCorFacility,0.9211747485128781
tblProBono,datTranscriptServedAlien,0
tblProBono,strProceedingIHP,0.9194306892148619
tblProBono,strFiledby,3.1143916036002365e-5
tblProBono,strNat,0.0020087825843221525
tblProBono,strLang,0.0019932106263041514
tblProBono,blnOARequestedbyAlien,0
tblProBono,blnOARequestedbyINS,0
tblProBono,blnOARequestedbyAmicus,0
tblProBono,Charge_1,0.011694540471518888
tblProBono,Charge_2,0.7966302282849046
tblProBono,Charge_3,0.9495779999377122
tblProBono,Charge_4,0.986327820860195
tblProBono,Charge_5,0.9960914385374817
tblProBono,Charge_6,0.998925534896758
tblProBono,recd_212C,0.9970101840605438
tblProBono,recd_245,0.9822323959014606
tblProBono,VD_recd,0.8733688373976144
tblProBono,WD_recd,0.999984428041982
tblProBono,P_EOIR42A_Recd,0.9548257497897785
tblProBono,P_EOIR42B_Recd,0.893690242611106
tblProBono,Dec_Code,0.005512473138372419
tblProBono,other_comp,0.9948456818960416
tblProBono,CRIM_IND,0.005247749852066399
tblProBono,strA1,1
tblProBono,strA2,1
tblProBono,strA3,1
tblProBono,strAlienRegion,0.9625650129247252
tblProBono,strAlienSex,0.5309726244978044
tblProBono,strINSStatus,0.960182503347971
tblProBono,strPossibility,0.9983805163661279
tblProBono,datROPreview,0.9564608053816687
tblProBono,blnSelectedbyCoordinator,0
tblProBono,blnSelectedbyScreener,0
tblProBono,OptionA,0
tblProBono,DCO_Location,0.907705004827307
tblProBono,CaseID,0.8002896384191348
tblProBono,Date_Of_Entry,0.2993553209380547
tblProBono,Inmate_Housing,0.9025195428073126
tblProBono,datmailedtoNGO,0.961615123485627
tblProBono,idnAppeal,0.005512473138372419
tblProBono,datBriefCurrentlyDueAlien,0.009763617677286743
tblProBono,idnRepl,0
tblProBono,blnIntrpr,0
tblProBono,strIntrprLang,0.999937712167928
tblProBono,ScreenerIdn,0.9505746052508642
tblProBono,strDCAddress1,0.9624404372605811
tblProBono,strDCAddress2,0.9633747547416612
tblProBono,strDCCity,0.9632968949515712
tblProBono,strDCState,0.9673144601202155
tblProBono,strDCZip,0.9671120246659815
tblProBono,blnProcessed,0
tblProBono,datCreatedOn,0.061820673331464696
tblProBono,datModifiedOn,0.815223146158398
tblProBono,strCustody,0.06339344109128282
tblResponsibleParty,idnResponsibleParty,0
tblResponsibleParty,strResponsiblePartyDescription,0.9929015084294588
tblResponsibleParty,blnActive,0
tblResponsibleParty,datCreatedOn,2.957704821058858e-4
tblResponsibleParty,datModifiedOn,0.025436261461106183
tblResponsibleParty,lngLocationTypeID,0
tblTeams,idnTeam,0
tblTeams,strCode,0
tblTeams,strDescription,0
tblTeams,blnActive,0
tblTeams,datCreatedOn,0
tblTeams,datModifiedOn,0.16216216216216217
tblThreeMbrReferrals,idn3MemberReferral,0
tblThreeMbrReferrals,lngAppealID,0
tblThreeMbrReferrals,datReferredTo3Member,0
tblThreeMbrReferrals,datRemovedFromReferral,0.8650744454573078
tblTortureConvID,idnTorConv,0
tblTortureConvID,strcode,0
tblTortureConvID,strDescription,0
tblTortureConvID,datCreatedOn,0
tblTortureConvID,datModifiedOn,1
tblTortureConvID,blnActive,1
